{
  "condition": "pitch_full",
  "episodes": 5,
  "successes": 5,
  "success_rate": 1.0,
  "catches": 5,
  "catch_rate": 1.0,
  "falls": 0,
  "mean_upper_rms_deg": 8.104579217503472,
  "p95_upper_rms_deg": 9.260543340260742,
  "mean_saturation_fraction": 0.0014000000000000002,
  "max_saturation_fraction": 0.0025,
  "worst_seeds_by_return": [
    59004,
    59002,
    59001,
    59000,
    59003
  ]
}