{
  "condition": "both_full",
  "episodes": 500,
  "successes": 49,
  "success_rate": 0.098,
  "catches": 393,
  "catch_rate": 0.786,
  "falls": 451,
  "mean_upper_rms_deg": 12.860568351444552,
  "p95_upper_rms_deg": 19.881017038455838,
  "mean_saturation_fraction": 0.035964533760915636,
  "max_saturation_fraction": 0.358695652173913,
  "worst_seeds_by_return": [
    62362,
    62206,
    62321,
    62423,
    62312,
    62317,
    62096,
    62358,
    62107,
    62389
  ]
}